<?xml version="1.0" encoding="UTF-8" standalone="no"?><inbox><student idStudent="220"><nume>Georgescu</nume><grupa>999</grupa><email>georgescu.ru</email></student><student idStudent="1"><nume>a</nume><grupa>1</grupa><email>a</email></student><student idStudent="1003"><nume>Mihai</nume><grupa>221</grupa><email>Mihai@yahoo.com</email></student><student idStudent="1002"><nume>Dia</nume><grupa>224</grupa><email>dia@yahoo.com</email></student><student idStudent="1001"><nume>Arina</nume><grupa>222</grupa><email>arina@yahoo.com</email></student></inbox>